Source,Target
Jacques Delors,BIS
Jacques Delors,Committee
Jacques Delors,BIS
Jacques Delors,BIS
Karl Otto Pöhl,
Jacques Delors,Committee
Maurice F. Doyle,
Jacques Delors,
Karl Otto Pöhl,the Council of Ministers
Jacques Delors,the European Parliament
Jacques Delors,Committee
Jacques Delors,the Committee of Governors
Jacques Delors,the European Council
Jacques Delors,the Committee for European Monetary Union
Jacques Delors,Co-Chairman
Jacques Delors,the Executive Secretariat of his Committee
Jacques Delors,the Committee of Governors
Wim Duisenberg,Committee
Karl Otto Pöhl,
Jacques Delors,Bundesbank
Jacques Delors,Committee
Jacques Delors,Committee
Jacques Delors,the Werner Report
Robin Leigh-Pemberton,EMU
Wim Duisenberg,monetary union
Wim Duisenberg,the Council of Ministers
Wim Duisenberg,FECOM
Wim Duisenberg,Community
Miguel Boyer,the Werner Report
Miguel Boyer,European Central Bank
Miguel Boyer,the European Monetary System
Carlo Azeglio Ciampi,
Karl Otto Pöhl,the Werner Report
Karl Otto Pöhl,the European Central Bank
Karl Otto Pöhl,the Werner Report
Karl Otto Pöhl,the Werner Report
Mariano Rubio,Community
Mariano Rubio,Community
Mariano Rubio,the European Monetary System
Jacques de Larosière,the Werner Report
Jacques de Larosière,the Werner Report
Jacques de Larosière,the Werner Report
Jacques de Larosière,EMCF
Jacques de Larosière,Council
Erik Hoffmeyer,the Werner Report
Erik Hoffmeyer,the Werner Report
Erik Hoffmeyer,Padoa-Schioppa
Demetrios Chalikias,ERM
Niels Thygesen,the Werner Report
Niels Thygesen,Community
Niels Thygesen,Community
Niels Thygesen,the Werner Report
Niels Thygesen,the European Monetary System
Niels Thygesen,the Werner Report
Niels Thygesen,Committee
Niels Thygesen,Committee
Karl Otto Pöhl,EMS
Karl Otto Pöhl,Community
Karl Otto Pöhl,European Central Bank
Karl Otto Pöhl,EMS
Karl Otto Pöhl,State
Miguel Boyer,the Werner Report
Karl Otto Pöhl,European Central Bank
Karl Otto Pöhl,State
Karl Otto Pöhl,the Werner Report
Jacques Delors,the Giscard d'Estaing Group
Jacques Delors,Community
Jacques Delors,Community
Jacques Delors,European Central Bank
Jacques Delors,the European Monetary System
Jacques Delors,the Committee of Governors
Jacques Delors,EMS
Jacques Delors,EMS
Jacques Delors,the Werner Report
Jacques Delors,European Central Bank
Jacques Delors,Community
Jacques Delors,the European Central Bank
Jacques Delors,EMS
Jacques Delors,Committee
Jacques de Larosière,BIS
Jacques Delors,Community
Jacques Delors,Community
Jacques Delors,EU
Jacques Delors,EU
Jacques Delors,the European Commission
Jacques Delors,Community
Jacques Delors,Commission
Jacques Delors,Community
Jacques Delors,IMHO
Jacques Delors,Commission
Jacques Delors,the Economic and Monetary Union Committee
Jacques Delors,Community
Jacques Delors,VAT
Jacques Delors,VAT
Jacques Delors,Community
Jacques Delors,the European Union
Jacques Delors,the European Council
Jacques Delors,the European Commission
Jacques Delors,the Council of Economic and Finance Ministers
Robin Leigh-Pemberton,Community
Robin Leigh-Pemberton,Community
Maurice F. Doyle,EEC
Maurice F. Doyle,Community
Maurice F. Doyle,Community
Maurice F. Doyle,Community
Karl Otto Pöhl,Schleswig-Holstein
Karl Otto Pöhl,Bundesbank
Maurice F. Doyle,Karl-Otto
Maurice F. Doyle,Community
Miguel Boyer,Commonwealth
Miguel Boyer,OECD
Miguel Boyer,Community
Miguel Boyer,Community
Jean Godeaux,the European Monetary System
Jean Godeaux,Community
Jean Godeaux,Uncertainties
Jean Godeaux,Eliminate intra-Community
Jacques Delors,Community
Jacques Delors,the European Council
Jacques Delors,Community
Jacques Delors,social Community
Jacques Delors,Community
Jacques Delors,Community
Jacques Delors,EU
Alexandre Lamfalussy,
Robin Leigh-Pemberton,Community
Robin Leigh-Pemberton,Community
Robin Leigh-Pemberton,Community
Robin Leigh-Pemberton,Community
Jacques Delors,the European Council
Jacques Delors,the White Paper
Jacques Delors,the European Monetary System
Jacques Delors,the European Monetary System Treaty
Jacques Delors,the Commission
Jacques Delors,Commission
Jacques Delors,the European Council
Jacques Delors,the Council of Ministers
Jacques Delors,the Council of Ministers
Jacques de Larosière,Community
Jacques de Larosière,Confederate
Wim Duisenberg,the monetary authority
Wim Duisenberg,Community
Jacques Delors,State
Jacques Delors,Community
Jacques Delors,Community
Jacques Delors,the Committee of Governors
Jacques Delors,the Monetary Committee
Jacques Delors,the Committee of Governors
Jacques Delors,the Monetary Committee
Karl Otto Pöhl,the Committee of EEC Central Bank Governors
Erik Hoffmeyer,Bundesbank
Karl Otto Pöhl,EEC
Karl Otto Pöhl,the Central Bank Council
Karl Otto Pöhl,the Central Bank Council
Erik Hoffmeyer,
Karl Otto Pöhl,the Committee in Basel -
Karl Otto Pöhl,Council
Karl Otto Pöhl,the Federal Reserve System
Karl Otto Pöhl,the European Monetary System
Karl Otto Pöhl,central bank
Karl Otto Pöhl,EMS
Karl Otto Pöhl,EMS
Karl Otto Pöhl,Council
Karl Otto Pöhl,Council
Karl Otto Pöhl,the Committee of Governors
Karl Otto Pöhl,the Committee of Governors
Karl Otto Pöhl,the Monetary Committee
Karl Otto Pöhl,the Monetary Committee
Karl Otto Pöhl,the Monetary Committee
Karl Otto Pöhl,the Committee of Central Bank Governors
Jacques de Larosière,
Miguel Boyer,the Governor Pöhl
Miguel Boyer,the final monetary economic union
Alexandre Lamfalussy,
Maurice F. Doyle,the Committee of Governors
Maurice F. Doyle,the Committee of Governors
Jacques de Larosière,Community
Jacques de Larosière,Community
Jacques de Larosière,Commanauté
Jean Godeaux,Basle/Nyborg
Jean Godeaux,Basle/Nyborg
Jean Godeaux,Basle/Nyborg
Jean Godeaux,Karl-Otto Pöhl
Jean Godeaux,European Monetary Fund
Jean Godeaux,EMS
Jean Godeaux,EMS
Jean Godeaux,Basle/Nyborg
Jean Godeaux,the Deutsche Bundesbank
Jean Godeaux,the Bank of England
Jean Godeaux,the Banque de France
Jean Godeaux,Bundesbank
Jean Godeaux,Governors
Jean Godeaux,EMS
Jean Godeaux,DM
Jean Godeaux,the Deutsche Bundesbank
Jean Godeaux,Bundesbank
Jean Godeaux,Basle/Nyborg
Jean Godeaux,Basle/Nyborg
Robin Leigh-Pemberton,State
Robin Leigh-Pemberton,Basle/Nyborg
Robin Leigh-Pemberton,the European Reserve Fund
Robin Leigh-Pemberton,the European Monetary Fund
Alexandre Lamfalussy,the Committee of the Governors
Alexandre Lamfalussy,nut
Wim Duisenberg,the national central bank
Wim Duisenberg,European Central Bank
Wim Duisenberg,the European authority
Wim Duisenberg,a Committee of Governors
Wim Duisenberg,the Committee of Governors
Wim Duisenberg,the Committee of Governors
Jacques de Larosière,State
Jacques de Larosière,the Federal Reserve System
Jacques de Larosière,the Committee of Governors
Jacques de Larosière,Bundesbank
Jacques de Larosière,the Committee of Governors
Karl Otto Pöhl,Council
Karl Otto Pöhl,the Council of Central Bank Governors
Karl Otto Pöhl,The Council of Central Bank Governors
Karl Otto Pöhl,Council
Karl Otto Pöhl,the Council of Ministers
Karl Otto Pöhl,Committee
Karl Otto Pöhl,Committee
Karl Otto Pöhl,Council
Karl Otto Pöhl,the Council of the Bundesbank
Karl Otto Pöhl,the Council of Governors
Karl Otto Pöhl,the Central Bank Council
Karl Otto Pöhl,EMS
Karl Otto Pöhl,the Council of Governors
Karl Otto Pöhl,the European Central Bank Council
Karl Otto Pöhl,European Central Bank Council
Karl Otto Pöhl,Council
Karl Otto Pöhl,EC
Karl Otto Pöhl,EEC
Karl Otto Pöhl,Governors
Karl Otto Pöhl,EMS
Karl Otto Pöhl,EEC
Karl Otto Pöhl,Committee of central bank Governors
Karl Otto Pöhl,EMS
Karl Otto Pöhl,Bundesbank
Karl Otto Pöhl,the Council of Central Bank Governors
Karl Otto Pöhl,ERM
Karl Otto Pöhl,Council
Karl Otto Pöhl,Council
Karl Otto Pöhl,Council
Karl Otto Pöhl,the Council of Governors
Karl Otto Pöhl,the European Central Bank Council
Jacques de Larosière,this Committee of Governors
Jacques de Larosière,the Banque de France
Jacques de Larosière,the Ministry of Finance
Jacques de Larosière,Treasury
Jacques de Larosière,ERM
Jacques de Larosière,ERM
Pierre Jaans,The European Council
Pierre Jaans,the European Council
Pierre Jaans,Committee
Pierre Jaans,European Central Bank
Pierre Jaans,the Committee of Governors
Pierre Jaans,Committee of Governors
Pierre Jaans,Committee of Governors
Erik Hoffmeyer,
Niels Thygesen,Committee
Jacques de Larosière,
Maurice F. Doyle,
Jacques de Larosière,
Alexandre Lamfalussy,
Wim Duisenberg,
Jacques de Larosière,
Alexandre Lamfalussy,
Jacques Delors,
Miguel Boyer,Community
Miguel Boyer,Community
Miguel Boyer,Community
Alexandre Lamfalussy,
Jacques de Larosière,Community
Jacques de Larosière,Community
Jacques de Larosière,Community
Erik Hoffmeyer,the Werner Report
Jacques Delors,Community
Jacques Delors,Community
Jacques Delors,Community
Miguel Boyer,Community
Miguel Boyer,Community
Miguel Boyer,Community
Miguel Boyer,Community Regional
Miguel Boyer,Community
Jacques de Larosière,
Jacques Delors,
Jacques Delors,Community
Jacques Delors,a European Fiscal Framework
Karl Otto Pöhl,Bundesbank
Karl Otto Pöhl,Bundesbank
Karl Otto Pöhl,the Council of Ministers
Karl Otto Pöhl,the European Parliament
Karl Otto Pöhl,the Federal Reserve System
Karl Otto Pöhl,Fed
Karl Otto Pöhl,Congress
Karl Otto Pöhl,Parliament
Karl Otto Pöhl,State
Wim Duisenberg,central bank
Wim Duisenberg,Community
Wim Duisenberg,Community
Erik Hoffmeyer,the Committee of Governors
Karl Otto Pöhl,Council
Karl Otto Pöhl,the Council of Ministers
Karl Otto Pöhl,the Council of Ministers - I
Karl Otto Pöhl,Bundesbank
Karl Otto Pöhl,Community
Wim Duisenberg,
Alexandre Lamfalussy,
Jacques Delors,Community
Jacques Delors,an ECOFIN Council of Ministers
Jacques Delors,the European Commission
Jacques Delors,the European Parliament
Jacques Delors,The European Parliament
Jacques Delors,the Council of Ministers of Finance
Jacques Delors,a Council of Ministers
Jacques Delors,the Council of Ministers
Jacques Delors,Community
Jacques Delors,State
Miguel Boyer,Community
Miguel Boyer,the European Parliament
Miguel Boyer,Community
Miguel Boyer,Community
Miguel Boyer,Community
Miguel Boyer,Community
Jacques Delors,
Erik Hoffmeyer,State
Jacques de Larosière,Community
Jacques de Larosière,Community
Jacques de Larosière,the Council of Ministers if the Council of Ministers
Jacques de Larosière,the Council of Ministers
Jacques de Larosière,the Council of Ministers
Jacques de Larosière,the Council of Ministers
Jacques de Larosière,Community
Jacques de Larosière,Community
Jacques de Larosière,Governors
Jacques de Larosière,Governors
Jacques de Larosière,Governors
Jacques Delors,
Jacques de Larosière,EMS
Alexandre Lamfalussy,
Jacques Delors,
Jacques Delors,Report
Jacques Delors,the European Council
Jacques Delors,Community
Jacques Delors,the Committee of Governors
Jacques Delors,the Monetary Committee
Jacques Delors,Council
Jacques Delors,Council
Jacques Delors,Committee
Jacques Delors,Committee
Jacques Delors,Community
Jacques Delors,Committee
Jacques Delors,ECU
Jacques Delors,Section III
Jacques Delors,ECU
Jacques Delors,Committee
Karl Otto Pöhl,State
Karl Otto Pöhl,the Reserve Fund
Karl Otto Pöhl,Scenario A
Karl Otto Pöhl,EMS
Karl Otto Pöhl,European Monetary System
Karl Otto Pöhl,a Reserve Fund
Karl Otto Pöhl,EMS
Karl Otto Pöhl,EMS
Karl Otto Pöhl,EMS
Karl Otto Pöhl,EMS
Karl Otto Pöhl,EMS
Karl Otto Pöhl,EMS
Karl Otto Pöhl,EMS
Karl Otto Pöhl,EMS
Karl Otto Pöhl,Article
Karl Otto Pöhl,a Reserve Fund
Karl Otto Pöhl,EMS
Karl Otto Pöhl,Council
Karl Otto Pöhl,the Council of Governors
Karl Otto Pöhl,EMS
Karl Otto Pöhl,Committee
Karl Otto Pöhl,Scenario A
Karl Otto Pöhl,Reserve Fund
Karl Otto Pöhl,Committee
Karl Otto Pöhl,State
Karl Otto Pöhl,Committee
Karl Otto Pöhl,the Reserve Fund
Jacques de Larosière,
Karl Otto Pöhl,ECSB
Karl Otto Pöhl,the Reserve Fund
Robin Leigh-Pemberton,Stage 1
Robin Leigh-Pemberton,Stage 1
Robin Leigh-Pemberton,ERF
Robin Leigh-Pemberton,Parliament
Miguel Boyer,the Committee of Governors
Miguel Boyer,the Committee of Governors
Miguel Boyer,the Committee of central bank Governors
Miguel Boyer,Governors
Carlo Azeglio Ciampi,the Stage 1
Carlo Azeglio Ciampi,Committee of Governors'
Carlo Azeglio Ciampi,the Committee of Governors
Carlo Azeglio Ciampi,Treaty
Wim Duisenberg,Scenario A
Wim Duisenberg,the Skeleton Report
Wim Duisenberg,Scenario A
Wim Duisenberg,Community
Wim Duisenberg,Bundesbank
Wim Duisenberg,ERF
Wim Duisenberg,Governors Pöhl
Erik Hoffmeyer,ERF
Erik Hoffmeyer,State
Erik Hoffmeyer,this Committee of central bank Governors
Mariano Rubio,the Committee of Governors
Mariano Rubio,the Committee of Governors
Mariano Rubio,Stage A
Alexandre Lamfalussy,Committee
Alexandre Lamfalussy,EMS
Alexandre Lamfalussy,EMS
Alexandre Lamfalussy,EMS
Alexandre Lamfalussy,EMS
Alexandre Lamfalussy,Reserve Fund
Alexandre Lamfalussy,Scenario A
Alexandre Lamfalussy,the Reserve Fund
Karl Otto Pöhl,European Central Bank
Karl Otto Pöhl,the Board of Governors
Karl Otto Pöhl,the Executive Board
Karl Otto Pöhl,EMS
Karl Otto Pöhl,a Reserve Fund
Karl Otto Pöhl,EMS
Karl Otto Pöhl,EMS
Karl Otto Pöhl,EMS
Karl Otto Pöhl,EMS
Karl Otto Pöhl,EMS
Karl Otto Pöhl,EMS
Karl Otto Pöhl,Council
Karl Otto Pöhl,Community
Karl Otto Pöhl,EMS
Karl Otto Pöhl,EEC
Karl Otto Pöhl,the Council Resolution
Karl Otto Pöhl,the Council of Central Bank Governors
Karl Otto Pöhl,the Council of Central Bank Governors
Karl Otto Pöhl,Council
Karl Otto Pöhl,the Central Bank Governors
Karl Otto Pöhl,Committee
Karl Otto Pöhl,this Reserve Fund
Karl Otto Pöhl,Council
Jacques Delors,the European Council
Jacques Delors,the European Council of Milan
Jacques Delors,Council
Jacques Delors,the European Council
Jacques Delors,Council
Jacques Delors,the European Council
Jacques Delors,Treaty
Jacques Delors,the European Council
Jacques Delors,Committee
Jacques Delors,EMS
Jacques Delors,the Bank of Greece
Jacques Delors,Scenario A
Jacques Delors,the European Council
Jacques Delors,the Committee of Governors
Jacques Delors,the Committee of Governors
Jacques Delors,Scenario A
Jacques Delors,the Committee of Governors
Jacques Delors,Section III
Jacques Delors,ECU
Pierre Jaans,the European Council
Pierre Jaans,the Committee of Governors
Pierre Jaans,Convergence Directive
Pierre Jaans,the 1974 Directive
Pierre Jaans,Directives
Wim Duisenberg,the European Council
Wim Duisenberg,the European Council
Wim Duisenberg,Community
Jacques de Larosière,
Karl Otto Pöhl,EEC
Karl Otto Pöhl,Council
Karl Otto Pöhl,a Reserve Fund
Jacques de Larosière,
Robin Leigh-Pemberton,
Alexandre Lamfalussy,the EEC Governors
Alexandre Lamfalussy,State
Alexandre Lamfalussy,State
Jacques Delors,
Alexandre Lamfalussy,State
Alexandre Lamfalussy,Treaty
Erik Hoffmeyer,Committee
Erik Hoffmeyer,Committee
Erik Hoffmeyer,State
Erik Hoffmeyer,Treaty
Erik Hoffmeyer,Committee
Erik Hoffmeyer,State
Erik Hoffmeyer,Committee
Erik Hoffmeyer,the Committee on p.2
Erik Hoffmeyer,Committee
Erik Hoffmeyer,p.6 the Committee
Erik Hoffmeyer,Committee
Erik Hoffmeyer,State
Carlo Azeglio Ciampi,EMS
Carlo Azeglio Ciampi,Committee
Frans Andriessen,Secretariat
Frans Andriessen,Committee
Frans Andriessen,Community
Frans Andriessen,Committee
Jacques de Larosière,Rapporteurs
Jacques de Larosière,EMS
Jacques de Larosière,ERF
Jacques de Larosière,EMS ERM
Wim Duisenberg,EMS
Wim Duisenberg,Community
Wim Duisenberg,Rapporteurs
Wim Duisenberg,Community
Wim Duisenberg,Community
Erik Hoffmeyer,Duisenberg
Erik Hoffmeyer,Community
Erik Hoffmeyer,Community
Erik Hoffmeyer,ECU
Erik Hoffmeyer,ECOFIN
Erik Hoffmeyer,State
Karl Otto Pöhl,this European Central Bank
Jacques de Larosière,Alexandre
Niels Thygesen,the central bank governing board
Niels Thygesen,Rapporteurs
Maurice F. Doyle,ERF
Maurice F. Doyle,CEPC
Maurice F. Doyle,Committee
Karl Otto Pöhl,the Council of Governors
Karl Otto Pöhl,Council
Jacques de Larosière,Rapporteurs
Karl Otto Pöhl,the national central bank
Karl Otto Pöhl,Committee
Wim Duisenberg,Committee
Wim Duisenberg,the European Council
Wim Duisenberg,ECU
Wim Duisenberg,ECU
Wim Duisenberg,the European Council
Miguel Boyer,ECU
Miguel Boyer,ECU
Miguel Boyer,ECU
Miguel Boyer,ECU
Miguel Boyer,Community
Miguel Boyer,the Committee of Governors
Robin Leigh-Pemberton,Community
Robin Leigh-Pemberton,the Bank of England
Robin Leigh-Pemberton,a European Community
Robin Leigh-Pemberton,Community
Robin Leigh-Pemberton,Community
Niels Thygesen,the Bank of England
Niels Thygesen,ECU
Wim Duisenberg,Governors of Central Banks
Wim Duisenberg,Appendix
Alexandre Lamfalussy,
Jacques de Larosière,ECU
Jacques de Larosière,ECU
Jacques de Larosière,ECU
Jacques de Larosière,ECU
Jacques de Larosière,ECU
Karl Otto Pöhl,ECU
Karl Otto Pöhl,ECU
Karl Otto Pöhl,ECU
Karl Otto Pöhl,ECU
Karl Otto Pöhl,ECU
Karl Otto Pöhl,ECU
Karl Otto Pöhl,ECU
Karl Otto Pöhl,ECU
Karl Otto Pöhl,the Swiss National Bank
Karl Otto Pöhl,DM
Karl Otto Pöhl,the Council of Governors
Karl Otto Pöhl,ECU
Karl Otto Pöhl,the European Parliament
Jacques de Larosière,
Jacques Delors,ECU
Jacques Delors,ECU
Jacques Delors,ECU
Jacques Delors,Committee
Jacques Delors,ECU
Jacques Delors,ECU
Jacques Delors,ECU
Jacques Delors,ECU
Jacques Delors,European Central Bank
Jacques Delors,Rapporteurs
Jacques Delors,ECU
Jacques Delors,Committee
Jacques Delors,Community
Jacques Delors,Committee
Jacques Delors,State
Jacques de Larosière,Stage 2
Miguel Boyer,Community
Miguel Boyer,ECU
Miguel Boyer,ECU
Miguel Boyer,ECU
Miguel Boyer,ECU
Miguel Boyer,ECU
Miguel Boyer,Community
Miguel Boyer,Board
Miguel Boyer,the Council of the European Central Banking System
Jacques Delors,Rapporteurs
Jacques Delors,ECU
Jacques Delors,ECU
Jacques Delors,Community
Jacques Delors,ECU
Jacques Delors,ECU
Jacques Delors,ECU
Jacques Delors,ECU
Jacques Delors,Rapporteurs
Jacques Delors,ECU
Jacques Delors,ECU
Jacques Delors,Rapporteurs
Jacques Delors,ECU
Jacques Delors,ECU
Jacques Delors,ECU
Jacques Delors,ECU
Jacques Delors,ECU
Jacques Delors,ECU
Jacques Delors,ECU
Jacques Delors,ECU
Jacques Delors,ECU
Jacques Delors,ECU
Jacques Delors,Rapporteurs
Karl Otto Pöhl,Rapporteurs
Jacques de Larosière,Rapporteurs
Jacques de Larosière,Community
Miguel Boyer,Community
Miguel Boyer,Community
Miguel Boyer,Unions
Miguel Boyer,Community
Miguel Boyer,Community
Jacques Delors,Community
Jacques Delors,Community
Jacques Delors,Community
Jacques Delors,Community
Jacques Delors,Community
Karl Otto Pöhl,
José Alberto Tavares Moreira,
Jacques Delors,Committee
Jacques Delors,Community
Jacques Delors,Community
Jacques Delors,Community
Jacques Delors,the European Council
Jacques Delors,Commission
Jacques Delors,Council
Jacques Delors,Algarve
José Alberto Tavares Moreira,
Pierre Jaans,
Jacques de Larosière,the Council of Ministers
Jacques de Larosière,the Council of Ministers
Jacques de Larosière,Community
Karl Otto Pöhl,System
Karl Otto Pöhl,Community
Karl Otto Pöhl,Community
Karl Otto Pöhl,System
Karl Otto Pöhl,Governors
Karl Otto Pöhl,the Board of Governors
Karl Otto Pöhl,Federal Reserve
Jacques Delors,
Jacques de Larosière,the Board of this federal system
Jacques de Larosière,Governors
Jacques de Larosière,the European Council
Jacques de Larosière,Governors
Jacques Delors,Governors
Jacques de Larosière,Board
Jacques de Larosière,Council
Jacques Delors,the Council of Ministers
Jacques Delors,the European Council
Jacques de Larosière,European Council
Jacques Delors,
Jacques de Larosière,
Jacques Delors,a Council of Ministers of Finance
Jacques Delors,The European Council
Jacques Delors,the European Council
Jacques Delors,Ministers of Finance
Jacques Delors,the European Parliament
Jacques de Larosière,
Jacques Delors,the European Parliament
Jacques Delors,Parliament
Jacques Delors,Ministers of Finance
Jacques Delors,the European Council
Jacques de Larosière,
Karl Otto Pöhl,the Board of the Bundesbank
Karl Otto Pöhl,the Central Bank Council
Karl Otto Pöhl,Cabinet
Karl Otto Pöhl,Cabinet
Karl Otto Pöhl,Council
Karl Otto Pöhl,the Council of Ministers
Karl Otto Pöhl,Board
Karl Otto Pöhl,Bundesbank
Karl Otto Pöhl,Council
Karl Otto Pöhl,Council
Karl Otto Pöhl,Council
Karl Otto Pöhl,Council
Karl Otto Pöhl,Council
Jacques de Larosière,
Jacques de Larosière,Ministers
Jacques Delors,the European Council
Jacques Delors,Community
Jacques Delors,Community
Jacques de Larosière,
Pierre Jaans,EMU
Pierre Jaans,EMS
Pierre Jaans,Basle/Nyborg
Pierre Jaans,Basle/Nyborg
Pierre Jaans,Committee
Pierre Jaans,Parliament
Pierre Jaans,Community
Pierre Jaans,State
Alexandre Lamfalussy,the Committee of Governors
Alexandre Lamfalussy,Governors
Alexandre Lamfalussy,the Committee of Governors
Alexandre Lamfalussy,Governors
Alexandre Lamfalussy,State
Alexandre Lamfalussy,Governors
Alexandre Lamfalussy,Directive
Alexandre Lamfalussy,Directive
Alexandre Lamfalussy,EMS
Karl Otto Pöhl,the British Government
Karl Otto Pöhl,the German Government
Karl Otto Pöhl,The German Government
Karl Otto Pöhl,EMS
Karl Otto Pöhl,EMS
Karl Otto Pöhl,EMS
Karl Otto Pöhl,EMS
Karl Otto Pöhl,ERM
Karl Otto Pöhl,the Reserve Fund
Jacques Delors,Committee
Jacques Delors,the European Council
Jacques Delors,Rapporteurs
Jacques Delors,EMU
Jacques Delors,State
Jacques Delors,the Monetary Committee
Jacques Delors,the Committee of Governors
Jacques Delors,the Ministers of Finance
Jacques Delors,EMS
Karl Otto Pöhl,EMU
Karl Otto Pöhl,EEC
Karl Otto Pöhl,EMU
Karl Otto Pöhl,ERM
Karl Otto Pöhl,EEC
Jacques de Larosière,
Karl Otto Pöhl,ECU
Karl Otto Pöhl,ECU
Karl Otto Pöhl,ECU
Karl Otto Pöhl,Committee
Karl Otto Pöhl,ECU
Karl Otto Pöhl,ECU
Karl Otto Pöhl,Community
Karl Otto Pöhl,ECU
Karl Otto Pöhl,ECU
Karl Otto Pöhl,ECU
Karl Otto Pöhl,Committee
Karl Otto Pöhl,ECU
Karl Otto Pöhl,ECU
Karl Otto Pöhl,ECU
Karl Otto Pöhl,ECU
Karl Otto Pöhl,ECU
Karl Otto Pöhl,ECU
Karl Otto Pöhl,ECU
Karl Otto Pöhl,ECU
Karl Otto Pöhl,ECU
Karl Otto Pöhl,ECU
Karl Otto Pöhl,ECU
Karl Otto Pöhl,ECU
Karl Otto Pöhl,ECU
Karl Otto Pöhl,DM
Karl Otto Pöhl,Rapporteurs
Karl Otto Pöhl,Annex
Karl Otto Pöhl,Committee
Karl Otto Pöhl,Annex
Karl Otto Pöhl,Committee
Pierre Jaans,ECU
Pierre Jaans,EMS
Pierre Jaans,Committee
Pierre Jaans,ECU
Pierre Jaans,the Giscard/Schmidt Committee
Karl Otto Pöhl,EMS
Karl Otto Pöhl,ECU
Karl Otto Pöhl,ECU
Karl Otto Pöhl,ECU
Karl Otto Pöhl,ECU
Karl Otto Pöhl,Committee
Karl Otto Pöhl,ECU
Karl Otto Pöhl,Committee
Karl Otto Pöhl,Annex
Karl Otto Pöhl,Committee
Karl Otto Pöhl,ECU
Karl Otto Pöhl,ECU
Karl Otto Pöhl,ECU
Karl Otto Pöhl,ECU
Karl Otto Pöhl,ECU
Karl Otto Pöhl,ECU
Karl Otto Pöhl,EEC
Karl Otto Pöhl,EEC
Karl Otto Pöhl,ERM
Karl Otto Pöhl,Council
Karl Otto Pöhl,ECU
Karl Otto Pöhl,EEC
Karl Otto Pöhl,ECU
Karl Otto Pöhl,ECU
Karl Otto Pöhl,ECU
Karl Otto Pöhl,ECU
Karl Otto Pöhl,ECU
Karl Otto Pöhl,ECU
Karl Otto Pöhl,Council
Karl Otto Pöhl,ECU
Karl Otto Pöhl,ECU
Karl Otto Pöhl,ECU
Jacques Delors,Council of Finance
Karl Otto Pöhl,EMS
Jacques Delors,ECU
Jacques Delors,the European Monetary System
Jacques Delors,the European Monetary System
Jacques Delors,Baer
Jacques Delors,BIS
Jacques de Larosière,
Jacques Delors,Committee
Wim Duisenberg,
Jacques Delors,
?,
Jacques Delors,
Maurice F. Doyle,
Jacques Delors,Committee
Robin Leigh-Pemberton,Community
Karl Otto Pöhl,Jacques
Karl Otto Pöhl,the Monetary Committee
Karl Otto Pöhl,ECOFIN
Karl Otto Pöhl,the Committee of Governors
Karl Otto Pöhl,the Monetary Committee
Jacques Delors,Committee
Alexandre Lamfalussy,Treaty
Jacques Delors,
Frans Andriessen,
Niels Thygesen,
Jacques de Larosière,State
Carlo Azeglio Ciampi,
Jean Godeaux,
Mariano Rubio,
Jacques Delors,
Wim Duisenberg,
Karl Otto Pöhl,
Jacques Delors,
Wim Duisenberg,Hoffmeyer and Doyle
Jacques Delors,
Wim Duisenberg,
Karl Otto Pöhl,the Werner Report
Karl Otto Pöhl,Council for a new
Karl Otto Pöhl,EEC
Karl Otto Pöhl,State
Karl Otto Pöhl,Committee
Karl Otto Pöhl,the European Central Bank
Karl Otto Pöhl,EC
Karl Otto Pöhl,EMS
Karl Otto Pöhl,EMS
Robin Leigh-Pemberton,the European Community
Robin Leigh-Pemberton,Community
Robin Leigh-Pemberton,EMS
Jacques Delors,
Mariano Rubio,EMS
Mariano Rubio,ERM
Mariano Rubio,the Spanish Government
Mariano Rubio,the Spanish Government
Mariano Rubio,the Committee of Governors
Mariano Rubio,the Committee of Governors
Mariano Rubio,the Werner Report
Mariano Rubio,the Werner Report
Pierre Jaans,EMS
Pierre Jaans,EMS
Pierre Jaans,EMS
Pierre Jaans,EMS
Pierre Jaans,the Werner Report
Pierre Jaans,Community
Niels Thygesen,EMS
Niels Thygesen,EMS
Niels Thygesen,Committee
Niels Thygesen,EMS
Niels Thygesen,EMS
Niels Thygesen,EMS
Niels Thygesen,EMU
Niels Thygesen,EMU
Niels Thygesen,the European Council
Erik Hoffmeyer,State
Erik Hoffmeyer,State
Erik Hoffmeyer,communiqués
Erik Hoffmeyer,State
Erik Hoffmeyer,State
Alexandre Lamfalussy,the Committee of Governors
Alexandre Lamfalussy,Governors
Alexandre Lamfalussy,Governors
Alexandre Lamfalussy,Committee
Alexandre Lamfalussy,Committee
Alexandre Lamfalussy,EMS
Alexandre Lamfalussy,this Committee of Governors
Alexandre Lamfalussy,EMS
Alexandre Lamfalussy,Governors
Alexandre Lamfalussy,Governors
Maurice F. Doyle,Karl-Otto
Maurice F. Doyle,Committee
Maurice F. Doyle,EMU
Maurice F. Doyle,the European Council
Maurice F. Doyle,the European Council
Maurice F. Doyle,the European Council
Maurice F. Doyle,the European Council
Maurice F. Doyle,the European Council
Miguel Boyer,Financial Community
Karl Otto Pöhl,Committee
Karl Otto Pöhl,EC
Karl Otto Pöhl,the Bank of England
Karl Otto Pöhl,the British Government
Karl Otto Pöhl,Central Bank Council
Karl Otto Pöhl,ECU
Karl Otto Pöhl,Community
Karl Otto Pöhl,the European Council
Frans Andriessen,Treaty
Jacques de Larosière,State
Jacques de Larosière,Committee
